{"assets/image/icon.rar":["assets/image/icon.rar"],"assets/image/logo1.png":["assets/image/logo1.png"],"assets/image/logo2.png":["assets/image/logo2.png"],"assets/image/noProfile.jpg":["assets/image/noProfile.jpg"],"assets/image/varnaboum-icons%20(1)%20(2).zip":["assets/image/varnaboum-icons%20(1)%20(2).zip"],"fonts/iransans/IRANSansX-Black.ttf":["fonts/iransans/IRANSansX-Black.ttf"],"fonts/iransans/IRANSansX-Bold.ttf":["fonts/iransans/IRANSansX-Bold.ttf"],"fonts/iransans/IRANSansX-Regular.ttf":["fonts/iransans/IRANSansX-Regular.ttf"],"packages/cupertino_icons/assets/CupertinoIcons.ttf":["packages/cupertino_icons/assets/CupertinoIcons.ttf"],"packages/line_icons/lib/assets/fonts/LineIcons.ttf":["packages/line_icons/lib/assets/fonts/LineIcons.ttf"],"packages/wakelock_web/assets/no_sleep.js":["packages/wakelock_web/assets/no_sleep.js"]}