[{"family":"MaterialIcons","fonts":[{"asset":"fonts/MaterialIcons-Regular.otf"}]},{"family":"Iran-Sans","fonts":[{"asset":"fonts/iransans/IRANSansX-Regular.ttf"},{"weight":700,"asset":"fonts/iransans/IRANSansX-Bold.ttf"},{"weight":900,"asset":"fonts/iransans/IRANSansX-Black.ttf"}]},{"family":"packages/cupertino_icons/CupertinoIcons","fonts":[{"asset":"packages/cupertino_icons/assets/CupertinoIcons.ttf"}]},{"family":"packages/line_icons/Awesome Line Icons 1.3.0","fonts":[{"asset":"packages/line_icons/lib/assets/fonts/LineIcons.ttf"}]}]